{
  "ds": 6,
    "p1cal": 0.4047016695124265,
    "p1std": 0.0001680465858878
  },   
}