{"_default": {}, "cal_pass1": {"1": {"ds": 35, "p1cal": 0.4072094879414, "p1std": 0.19074612642474806}, "2": {"ds": 36, "p1cal": 0.4072094879414, "p1std": 0.07572776098490866}, "3": {"ds": 18, "p1cal": 0.4047016695124265, "p1std": 0.0001680465858878}, "4": {"ds": 4, "p1cal": 0.4047016695124265, "p1std": 0.0001680465858878}, "5": {"ds": 6, "p1cal": 0.4047016695124265, "p1std": 0.0001680465858878}, "6": {"ds": 7, "p1cal": 0.4047016695124265, "p1std": 0.0001680465858878}, "7": {"ds": 8, "p1cal": 0.4047016695124265, "p1std": 0.0001680465858878}, "8": {"ds": 10, "p1cal": 0.4047016695124265, "p1std": 0.0001680465858878}, "9": {"ds": 11, "p1cal": 0.4047016695124265, "p1std": 0.0001680465858878}, "10": {"ds": 12, "p1cal": 0.4047016695124265, "p1std": 0.0001680465858878}, "11": {"ds": 13, "p1cal": 0.4047016695124265, "p1std": 0.0001680465858878}, "12": {"ds": 14, "p1cal": 0.4047016695124265, "p1std": 0.0001680465858878}, "13": {"ds": 15, "p1cal": 0.4047016695124265, "p1std": 0.0001680465858878}, "14": {"ds": 16, "p1cal": 0.4047016695124265, "p1std": 0.0001680465858878}, "15": {"ds": 20, "p1cal": 0.4066852222964447, "p1std": 0.0012059183905951678}, "16": {"ds": 24, "p1cal": 0.4072094879414, "p1std": 0.0013370763865004226}, "17": {"ds": 26, "p1cal": 0.4072094879414, "p1std": 0.0013370763865004226}, "18": {"ds": 27, "p1cal": 0.4072094879414, "p1std": 0.0013370763865004226}, "19": {"ds": 28, "p1cal": 0.4072094879414, "p1std": 0.0013370763865004226}, "20": {"ds": 29, "p1cal": 0.4072094879414, "p1std": 0.0013370763865004226}, "21": {"ds": 30, "p1cal": 0.4072094879414, "p1std": 0.0013370763865004226}, "22": {"ds": 32, "p1cal": 0.4068863564449473, "p1std": 0.0008917117594552661}, "23": {"ds": 33, "p1cal": 0.4068863564449473, "p1std": 0.0008917117594552661}, "24": {"ds": 34, "p1cal": 0.4072094879414, "p1std": 0.03695375149680788}, "25": {"ds": 39, "p1cal": 0.4068863564449473, "p1std": 0.001007621258098901}, "26": {"ds": 41, "p1cal": 0.4068863564449473, "p1std": 0.001007621258098901}, "27": {"ds": 43, "p1cal": 0.40803880638834406, "p1std": 0.0011384744135444823}, "28": {"ds": 44, "p1cal": 0.42411269648778094, "p1std": 0.001518217143675472}, "29": {"ds": 46, "p1cal": 0.42411269648778094, "p1std": 0.17483018821651714}, "30": {"ds": 54, "p1cal": 0.4087332994506833, "p1std": 0.13064851696463878}, "31": {"ds": 55, "p1cal": 0.4087332994506833, "p1std": 0.13064851696463878}, "32": {"ds": 56, "p1cal": 0.40803880638834406, "p1std": 0.0011384744135444823}, "33": {"ds": 62, "p1cal": 0.4082727062094532, "p1std": 0.0013109914110852935}, "34": {"ds": 66, "p1cal": 0.42255528846153845, "p1std": 0.0012369199435155282}, "35": {"ds": 67, "p1cal": 0.42245421245421244, "p1std": 0.11606078349567668}, "36": {"ds": 68, "p1cal": 0.42255528846153845, "p1std": 0.0012369199435155282}, "37": {"ds": 70, "p1cal": 0.42211538461538456, "p1std": 0.00040022157810661675}, "38": {"ds": 76, "p1cal": 0.4237797148429264, "p1std": 0.11588391929287227}, "39": {"ds": 77, "p1cal": 0.4237797148429264, "p1std": 0.11588391929287227}, "40": {"ds": 75, "p1cal": 0.443623026536782, "p1std": 0.14908187024894196}}, "A/E_cut": {"1": {"ds": 18, "line": 0.9770000000000005}, "2": {"ds": 77, "line": 0.9110000000000005}}}