{"_default":{},"cal_pass1":{"1":{"ds":35,"p1cal":0.4072094879,"p1std":0.0369537515},"2":{"ds":36,"p1cal":0.4072094879,"p1std":0.1907461264}}}